date,repo_rate,india_91d_tbill,india_10y,usd_inr,source,source_file,granularity
2011-04-01,6.75,,,,historic_data_rbi_wss,WSS_Table_No_05_Ratios_and_Rates.csv,weekly
2011-04-08,6.75,,,,historic_data_rbi_wss,WSS_Table_No_05_Ratios_and_Rates.csv,weekly
2011-04-15,6.75,,,,historic_data_rbi_wss,WSS_Table_No_05_Ratios_and_Rates.csv,weekly
2011-04-22,6.75,,,,historic_data_rbi_wss,WSS_Table_No_05_Ratios_and_Rates.csv,weekly
2011-04-29,6.75,,,,historic_data_rbi_wss,WSS_Table_No_05_Ratios_and_Rates.csv,weekly
2011-05-06,7.25,,,,historic_data_rbi_wss,WSS_Table_No_05_Ratios_and_Rates.csv,weekly
2011-05-13,7.25,,,,historic_data_rbi_wss,WSS_Table_No_05_Ratios_and_Rates.csv,weekly
2011-05-20,7.25,,,,historic_data_rbi_wss,WSS_Table_No_05_Ratios_and_Rates.csv,weekly
2011-05-27,7.25,,,,historic_data_rbi_wss,WSS_Table_No_05_Ratios_and_Rates.csv,weekly
2011-06-03,7.25,,,,historic_data_rbi_wss,WSS_Table_No_05_Ratios_and_Rates.csv,weekly
2011-06-10,7.25,,,,historic_data_rbi_wss,WSS_Table_No_05_Ratios_and_Rates.csv,weekly
2011-06-17,7.5,,,,historic_data_rbi_wss,WSS_Table_No_05_Ratios_and_Rates.csv,weekly
2011-06-24,7.5,,,,historic_data_rbi_wss,WSS_Table_No_05_Ratios_and_Rates.csv,weekly
2011-07-01,7.5,,,,historic_data_rbi_wss,WSS_Table_No_05_Ratios_and_Rates.csv,weekly
2011-07-08,7.5,,,,historic_data_rbi_wss,WSS_Table_No_05_Ratios_and_Rates.csv,weekly
2011-07-15,7.5,,,,historic_data_rbi_wss,WSS_Table_No_05_Ratios_and_Rates.csv,weekly
2011-07-22,7.5,,,,historic_data_rbi_wss,WSS_Table_No_05_Ratios_and_Rates.csv,weekly
2011-07-29,8.0,,,,historic_data_rbi_wss,WSS_Table_No_05_Ratios_and_Rates.csv,weekly
2011-08-05,8.0,,,,historic_data_rbi_wss,WSS_Table_No_05_Ratios_and_Rates.csv,weekly
2011-08-12,8.0,,,,historic_data_rbi_wss,WSS_Table_No_05_Ratios_and_Rates.csv,weekly
2011-08-19,8.0,,,,historic_data_rbi_wss,WSS_Table_No_05_Ratios_and_Rates.csv,weekly
2011-08-26,8.0,,,,historic_data_rbi_wss,WSS_Table_No_05_Ratios_and_Rates.csv,weekly
2011-09-02,8.0,,,,historic_data_rbi_wss,WSS_Table_No_05_Ratios_and_Rates.csv,weekly
2011-09-09,8.0,,,,historic_data_rbi_wss,WSS_Table_No_05_Ratios_and_Rates.csv,weekly
2011-09-16,8.25,,,,historic_data_rbi_wss,WSS_Table_No_05_Ratios_and_Rates.csv,weekly
2011-09-23,8.25,,,,historic_data_rbi_wss,WSS_Table_No_05_Ratios_and_Rates.csv,weekly
2011-09-30,8.25,,,,historic_data_rbi_wss,WSS_Table_No_05_Ratios_and_Rates.csv,weekly
2011-10-07,8.25,,,,historic_data_rbi_wss,WSS_Table_No_05_Ratios_and_Rates.csv,weekly
2011-10-14,8.25,,,,historic_data_rbi_wss,WSS_Table_No_05_Ratios_and_Rates.csv,weekly
2011-10-21,8.25,,,,historic_data_rbi_wss,WSS_Table_No_05_Ratios_and_Rates.csv,weekly
2011-10-28,8.5,,,,historic_data_rbi_wss,WSS_Table_No_05_Ratios_and_Rates.csv,weekly
2011-11-04,8.5,,,,historic_data_rbi_wss,WSS_Table_No_05_Ratios_and_Rates.csv,weekly
2011-11-11,8.5,8.86,,50.28,historic_data_rbi_wss,WSS_Table_No_05_Ratios_and_Rates.csv,weekly
2011-11-18,8.5,8.9,,51.35,historic_data_rbi_wss,WSS_Table_No_05_Ratios_and_Rates.csv,weekly
2011-11-25,8.5,8.86,,52.17,historic_data_rbi_wss,WSS_Table_No_05_Ratios_and_Rates.csv,weekly
2011-12-02,8.5,8.81,,51.35,historic_data_rbi_wss,WSS_Table_No_05_Ratios_and_Rates.csv,weekly
2011-12-09,8.5,8.6,,52.23,historic_data_rbi_wss,WSS_Table_No_05_Ratios_and_Rates.csv,weekly
2011-12-16,8.5,8.48,,52.81,historic_data_rbi_wss,WSS_Table_No_05_Ratios_and_Rates.csv,weekly
2011-12-23,8.5,8.39,,52.72,historic_data_rbi_wss,WSS_Table_No_05_Ratios_and_Rates.csv,weekly
2011-12-30,8.5,8.48,8.56,53.26,historic_data_rbi_wss,WSS_Table_No_05_Ratios_and_Rates.csv,weekly
2012-01-06,8.5,8.52,8.22,52.78,historic_data_rbi_wss,WSS_Table_No_05_Ratios_and_Rates.csv,weekly
2012-01-13,8.5,8.56,8.19,51.43,historic_data_rbi_wss,WSS_Table_No_05_Ratios_and_Rates.csv,weekly
2012-01-20,8.5,8.65,8.18,50.33,historic_data_rbi_wss,WSS_Table_No_05_Ratios_and_Rates.csv,weekly
2012-01-27,8.5,8.73,8.35,49.65,historic_data_rbi_wss,WSS_Table_No_05_Ratios_and_Rates.csv,weekly
2012-02-03,8.5,8.81,8.16,48.96,historic_data_rbi_wss,WSS_Table_No_05_Ratios_and_Rates.csv,weekly
2012-02-10,8.5,8.9,8.19,49.64,historic_data_rbi_wss,WSS_Table_No_05_Ratios_and_Rates.csv,weekly
2012-02-17,8.5,8.94,8.19,49.21,historic_data_rbi_wss,WSS_Table_No_05_Ratios_and_Rates.csv,weekly
2012-02-24,8.5,9.02,8.23,49.07,historic_data_rbi_wss,WSS_Table_No_05_Ratios_and_Rates.csv,weekly
2012-03-02,8.5,9.06,8.22,49.35,historic_data_rbi_wss,WSS_Table_No_05_Ratios_and_Rates.csv,weekly
2012-03-09,8.5,9.06,8.28,50.02,historic_data_rbi_wss,WSS_Table_No_05_Ratios_and_Rates.csv,weekly
2012-03-16,8.5,8.98,8.42,50.31,historic_data_rbi_wss,WSS_Table_No_05_Ratios_and_Rates.csv,weekly
2012-03-23,8.5,8.98,8.38,50.91,historic_data_rbi_wss,WSS_Table_No_05_Ratios_and_Rates.csv,weekly
2012-03-30,8.5,9.02,8.57,51.16,historic_data_rbi_wss,WSS_Table_No_05_Ratios_and_Rates.csv,weekly
2012-04-06,8.5,8.81,8.69,51.05,historic_data_rbi_wss,WSS_Table_No_05_Ratios_and_Rates.csv,weekly
2012-04-13,8.5,8.77,8.47,51.42,historic_data_rbi_wss,WSS_Table_No_05_Ratios_and_Rates.csv,weekly
2012-04-20,8.0,8.31,8.54,52.0,historic_data_rbi_wss,WSS_Table_No_05_Ratios_and_Rates.csv,weekly
2012-04-27,8.0,8.39,8.65,52.68,historic_data_rbi_wss,WSS_Table_No_05_Ratios_and_Rates.csv,weekly
2012-05-04,8.0,8.44,8.63,53.72,historic_data_rbi_wss,WSS_Table_No_05_Ratios_and_Rates.csv,weekly
2012-05-11,8.0,8.44,8.56,53.64,historic_data_rbi_wss,WSS_Table_No_05_Ratios_and_Rates.csv,weekly
2012-05-18,8.0,8.39,8.53,54.88,historic_data_rbi_wss,WSS_Table_No_05_Ratios_and_Rates.csv,weekly
2012-05-25,8.0,8.39,8.54,55.73,historic_data_rbi_wss,WSS_Table_No_05_Ratios_and_Rates.csv,weekly
2012-06-01,8.0,8.39,8.37,55.92,historic_data_rbi_wss,WSS_Table_No_05_Ratios_and_Rates.csv,weekly
2012-06-08,8.0,8.27,8.35,55.36,historic_data_rbi_wss,WSS_Table_No_05_Ratios_and_Rates.csv,weekly
2012-06-15,8.0,8.14,8.05,55.76,historic_data_rbi_wss,WSS_Table_No_05_Ratios_and_Rates.csv,weekly
2012-06-22,8.0,8.31,8.08,56.99,historic_data_rbi_wss,WSS_Table_No_05_Ratios_and_Rates.csv,weekly
2012-06-29,8.0,8.31,8.17,56.31,historic_data_rbi_wss,WSS_Table_No_05_Ratios_and_Rates.csv,weekly
2012-07-06,8.0,8.27,8.13,55.42,historic_data_rbi_wss,WSS_Table_No_05_Ratios_and_Rates.csv,weekly
2012-07-13,8.0,8.23,,55.66,historic_data_rbi_wss,WSS_Table_No_05_Ratios_and_Rates.csv,weekly
2012-07-20,8.0,8.19,8.06,55.15,historic_data_rbi_wss,WSS_Table_No_05_Ratios_and_Rates.csv,weekly
2012-07-27,8.0,8.14,8.1,55.41,historic_data_rbi_wss,WSS_Table_No_05_Ratios_and_Rates.csv,weekly
2012-08-03,8.0,8.23,8.25,56.08,historic_data_rbi_wss,WSS_Table_No_05_Ratios_and_Rates.csv,weekly
2012-08-10,8.0,8.23,8.12,55.34,historic_data_rbi_wss,WSS_Table_No_05_Ratios_and_Rates.csv,weekly
2012-08-17,8.0,8.27,8.21,55.7,historic_data_rbi_wss,WSS_Table_No_05_Ratios_and_Rates.csv,weekly
2012-08-24,8.0,8.23,8.16,55.38,historic_data_rbi_wss,WSS_Table_No_05_Ratios_and_Rates.csv,weekly
2012-08-31,8.0,8.23,8.24,55.72,historic_data_rbi_wss,WSS_Table_No_05_Ratios_and_Rates.csv,weekly
2012-09-07,8.0,8.14,8.2,55.52,historic_data_rbi_wss,WSS_Table_No_05_Ratios_and_Rates.csv,weekly
2012-09-14,8.0,8.14,8.18,54.73,historic_data_rbi_wss,WSS_Table_No_05_Ratios_and_Rates.csv,weekly
2012-09-21,8.0,8.1,8.17,53.91,historic_data_rbi_wss,WSS_Table_No_05_Ratios_and_Rates.csv,weekly
2012-09-28,8.0,8.14,8.15,52.7,historic_data_rbi_wss,WSS_Table_No_05_Ratios_and_Rates.csv,weekly
2012-10-05,8.0,8.06,8.16,51.62,historic_data_rbi_wss,WSS_Table_No_05_Ratios_and_Rates.csv,weekly
2012-10-12,8.0,8.1,8.17,52.7,historic_data_rbi_wss,WSS_Table_No_05_Ratios_and_Rates.csv,weekly
2012-10-19,8.0,8.1,8.13,53.72,historic_data_rbi_wss,WSS_Table_No_05_Ratios_and_Rates.csv,weekly
2012-10-26,8.0,8.1,8.13,53.63,historic_data_rbi_wss,WSS_Table_No_05_Ratios_and_Rates.csv,weekly
2012-11-02,8.0,8.14,8.2,53.66,historic_data_rbi_wss,WSS_Table_No_05_Ratios_and_Rates.csv,weekly
2012-11-09,8.0,8.14,8.22,54.34,historic_data_rbi_wss,WSS_Table_No_05_Ratios_and_Rates.csv,weekly
2012-11-16,8.0,8.19,8.19,54.99,historic_data_rbi_wss,WSS_Table_No_05_Ratios_and_Rates.csv,weekly
2012-11-23,8.0,8.19,8.23,55.34,historic_data_rbi_wss,WSS_Table_No_05_Ratios_and_Rates.csv,weekly
2012-11-30,8.0,8.19,8.18,54.53,historic_data_rbi_wss,WSS_Table_No_05_Ratios_and_Rates.csv,weekly
2012-12-07,8.0,8.19,8.16,54.2,historic_data_rbi_wss,WSS_Table_No_05_Ratios_and_Rates.csv,weekly
2012-12-14,8.0,8.19,8.14,54.39,historic_data_rbi_wss,WSS_Table_No_05_Ratios_and_Rates.csv,weekly
2012-12-21,8.0,8.14,8.14,55.09,historic_data_rbi_wss,WSS_Table_No_05_Ratios_and_Rates.csv,weekly
2012-12-28,8.0,8.19,8.11,54.85,historic_data_rbi_wss,WSS_Table_No_05_Ratios_and_Rates.csv,weekly
2013-01-04,8.0,8.1,7.93,54.85,historic_data_rbi_wss,WSS_Table_No_05_Ratios_and_Rates.csv,weekly
2013-01-11,8.0,8.06,7.82,54.54,historic_data_rbi_wss,WSS_Table_No_05_Ratios_and_Rates.csv,weekly
2013-01-18,8.0,7.98,7.86,53.95,historic_data_rbi_wss,WSS_Table_No_05_Ratios_and_Rates.csv,weekly
2013-01-25,8.0,7.98,7.88,53.85,historic_data_rbi_wss,WSS_Table_No_05_Ratios_and_Rates.csv,weekly
2013-02-01,7.75,7.94,7.89,53.32,historic_data_rbi_wss,WSS_Table_No_05_Ratios_and_Rates.csv,weekly
2013-02-08,7.75,7.98,7.83,53.57,historic_data_rbi_wss,WSS_Table_No_05_Ratios_and_Rates.csv,weekly
2013-02-15,7.75,7.98,7.83,53.99,historic_data_rbi_wss,WSS_Table_No_05_Ratios_and_Rates.csv,weekly
2013-02-22,7.75,8.02,7.8,54.43,historic_data_rbi_wss,WSS_Table_No_05_Ratios_and_Rates.csv,weekly
2013-03-01,7.75,8.1,7.91,54.48,historic_data_rbi_wss,WSS_Table_No_05_Ratios_and_Rates.csv,weekly
2013-03-08,7.75,8.1,7.86,54.4,historic_data_rbi_wss,WSS_Table_No_05_Ratios_and_Rates.csv,weekly
2013-03-15,7.75,8.1,7.87,54.16,historic_data_rbi_wss,WSS_Table_No_05_Ratios_and_Rates.csv,weekly
2013-03-22,7.5,8.02,7.96,54.34,historic_data_rbi_wss,WSS_Table_No_05_Ratios_and_Rates.csv,weekly
2013-03-29,7.5,8.19,7.95,54.39,historic_data_rbi_wss,WSS_Table_No_05_Ratios_and_Rates.csv,weekly
2013-04-05,7.5,7.85,7.93,54.88,historic_data_rbi_wss,WSS_Table_No_05_Ratios_and_Rates.csv,weekly
2013-04-12,7.5,7.81,7.87,54.44,historic_data_rbi_wss,WSS_Table_No_05_Ratios_and_Rates.csv,weekly
2013-04-19,7.5,7.73,7.78,54.03,historic_data_rbi_wss,WSS_Table_No_05_Ratios_and_Rates.csv,weekly
2013-04-26,7.5,7.64,7.74,54.29,historic_data_rbi_wss,WSS_Table_No_05_Ratios_and_Rates.csv,weekly
2013-05-03,7.25,7.56,7.74,53.95,historic_data_rbi_wss,WSS_Table_No_05_Ratios_and_Rates.csv,weekly
2013-05-10,7.25,7.48,7.59,54.54,historic_data_rbi_wss,WSS_Table_No_05_Ratios_and_Rates.csv,weekly
2013-05-17,7.25,7.31,7.4,54.89,historic_data_rbi_wss,WSS_Table_No_05_Ratios_and_Rates.csv,weekly
2013-05-24,7.25,7.27,7.34,55.61,historic_data_rbi_wss,WSS_Table_No_05_Ratios_and_Rates.csv,weekly
2013-05-31,7.25,7.31,7.44,56.5,historic_data_rbi_wss,WSS_Table_No_05_Ratios_and_Rates.csv,weekly
2013-06-07,7.25,7.35,7.43,56.74,historic_data_rbi_wss,WSS_Table_No_05_Ratios_and_Rates.csv,weekly
2013-06-14,7.25,7.48,7.31,57.74,historic_data_rbi_wss,WSS_Table_No_05_Ratios_and_Rates.csv,weekly
2013-06-21,7.25,7.44,7.43,59.35,historic_data_rbi_wss,WSS_Table_No_05_Ratios_and_Rates.csv,weekly
2013-06-28,7.25,7.48,7.44,59.7,historic_data_rbi_wss,WSS_Table_No_05_Ratios_and_Rates.csv,weekly
2013-07-05,7.25,7.52,7.47,60.34,historic_data_rbi_wss,WSS_Table_No_05_Ratios_and_Rates.csv,weekly
2013-07-12,7.25,7.48,7.53,59.9,historic_data_rbi_wss,WSS_Table_No_05_Ratios_and_Rates.csv,weekly
2013-07-19,7.25,,7.87,59.8,historic_data_rbi_wss,WSS_Table_No_05_Ratios_and_Rates.csv,weekly
2013-07-26,7.25,11.0,8.03,58.91,historic_data_rbi_wss,WSS_Table_No_05_Ratios_and_Rates.csv,weekly
2013-08-02,7.25,11.26,8.15,60.8,historic_data_rbi_wss,WSS_Table_No_05_Ratios_and_Rates.csv,weekly
2013-08-09,7.25,10.92,7.97,61.12,historic_data_rbi_wss,WSS_Table_No_05_Ratios_and_Rates.csv,weekly
2013-08-16,7.25,11.43,8.78,61.82,historic_data_rbi_wss,WSS_Table_No_05_Ratios_and_Rates.csv,weekly
2013-08-23,7.25,11.05,8.14,64.69,historic_data_rbi_wss,WSS_Table_No_05_Ratios_and_Rates.csv,weekly
2013-08-30,7.25,12.02,8.6,66.57,historic_data_rbi_wss,WSS_Table_No_05_Ratios_and_Rates.csv,weekly
2013-09-06,7.25,11.26,8.63,65.96,historic_data_rbi_wss,WSS_Table_No_05_Ratios_and_Rates.csv,weekly
2013-09-13,7.25,10.66,8.49,63.79,historic_data_rbi_wss,WSS_Table_No_05_Ratios_and_Rates.csv,weekly
2013-09-20,7.5,10.45,8.58,62.24,historic_data_rbi_wss,WSS_Table_No_05_Ratios_and_Rates.csv,weekly
2013-09-27,7.5,9.69,8.71,61.81,historic_data_rbi_wss,WSS_Table_No_05_Ratios_and_Rates.csv,weekly
2013-10-04,7.5,9.57,8.67,61.41,historic_data_rbi_wss,WSS_Table_No_05_Ratios_and_Rates.csv,weekly
2013-10-11,7.5,8.86,8.49,61.16,historic_data_rbi_wss,WSS_Table_No_05_Ratios_and_Rates.csv,weekly
2013-10-18,7.5,8.9,8.55,61.28,historic_data_rbi_wss,WSS_Table_No_05_Ratios_and_Rates.csv,weekly
2013-10-25,7.5,8.77,8.58,61.63,historic_data_rbi_wss,WSS_Table_No_05_Ratios_and_Rates.csv,weekly
2013-11-01,7.75,8.6,8.69,61.9,historic_data_rbi_wss,WSS_Table_No_05_Ratios_and_Rates.csv,weekly
2013-11-08,7.75,8.56,9.02,62.73,historic_data_rbi_wss,WSS_Table_No_05_Ratios_and_Rates.csv,weekly
2013-11-15,7.75,8.98,9.06,63.06,historic_data_rbi_wss,WSS_Table_No_05_Ratios_and_Rates.csv,weekly
2013-11-22,7.75,8.94,8.79,63.02,historic_data_rbi_wss,WSS_Table_No_05_Ratios_and_Rates.csv,weekly
2013-11-29,7.75,8.94,8.75,62.39,historic_data_rbi_wss,WSS_Table_No_05_Ratios_and_Rates.csv,weekly
2013-12-06,7.75,8.65,8.85,61.67,historic_data_rbi_wss,WSS_Table_No_05_Ratios_and_Rates.csv,weekly
2013-12-13,7.75,8.77,8.91,62.13,historic_data_rbi_wss,WSS_Table_No_05_Ratios_and_Rates.csv,weekly
2013-12-20,7.75,8.65,8.8,62.24,historic_data_rbi_wss,WSS_Table_No_05_Ratios_and_Rates.csv,weekly
2013-12-27,7.75,8.69,8.94,62.06,historic_data_rbi_wss,WSS_Table_No_05_Ratios_and_Rates.csv,weekly
2014-01-03,7.75,8.73,8.82,62.41,historic_data_rbi_wss,WSS_Table_No_05_Ratios_and_Rates.csv,weekly
2014-01-10,7.75,8.73,8.75,61.94,historic_data_rbi_wss,WSS_Table_No_05_Ratios_and_Rates.csv,weekly
2014-01-17,7.75,8.73,8.66,61.35,historic_data_rbi_wss,WSS_Table_No_05_Ratios_and_Rates.csv,weekly
2014-01-24,7.75,8.69,8.78,62.18,historic_data_rbi_wss,WSS_Table_No_05_Ratios_and_Rates.csv,weekly
2014-01-31,8.0,8.9,8.81,62.48,historic_data_rbi_wss,WSS_Table_No_05_Ratios_and_Rates.csv,weekly
2014-02-07,8.0,8.98,8.75,62.32,historic_data_rbi_wss,WSS_Table_No_05_Ratios_and_Rates.csv,weekly
2014-02-14,8.0,9.11,8.83,62.28,historic_data_rbi_wss,WSS_Table_No_05_Ratios_and_Rates.csv,weekly
2014-02-21,8.0,9.11,8.81,62.16,historic_data_rbi_wss,WSS_Table_No_05_Ratios_and_Rates.csv,weekly
2014-02-28,8.0,9.15,8.86,62.07,historic_data_rbi_wss,WSS_Table_No_05_Ratios_and_Rates.csv,weekly
2014-03-07,8.0,9.19,8.87,60.99,historic_data_rbi_wss,WSS_Table_No_05_Ratios_and_Rates.csv,weekly
2014-03-14,8.0,9.27,8.82,61.52,historic_data_rbi_wss,WSS_Table_No_05_Ratios_and_Rates.csv,weekly
2014-03-21,8.0,9.19,8.82,61.05,historic_data_rbi_wss,WSS_Table_No_05_Ratios_and_Rates.csv,weekly
2014-03-28,8.0,8.86,8.84,60.1,historic_data_rbi_wss,WSS_Table_No_05_Ratios_and_Rates.csv,weekly
2014-04-04,8.0,8.94,9.12,60.32,historic_data_rbi_wss,WSS_Table_No_05_Ratios_and_Rates.csv,weekly
2014-04-11,8.0,8.9,8.99,60.27,historic_data_rbi_wss,WSS_Table_No_05_Ratios_and_Rates.csv,weekly
2014-04-18,8.0,8.85,8.9,60.38,historic_data_rbi_wss,WSS_Table_No_05_Ratios_and_Rates.csv,weekly
2014-04-25,8.0,8.86,8.94,61.12,historic_data_rbi_wss,WSS_Table_No_05_Ratios_and_Rates.csv,weekly
2014-05-02,8.0,8.86,8.81,60.23,historic_data_rbi_wss,WSS_Table_No_05_Ratios_and_Rates.csv,weekly
2014-05-09,8.0,8.81,8.77,60.05,historic_data_rbi_wss,WSS_Table_No_05_Ratios_and_Rates.csv,weekly
2014-05-16,8.0,8.86,8.86,58.86,historic_data_rbi_wss,WSS_Table_No_05_Ratios_and_Rates.csv,weekly
2014-05-23,8.0,8.65,8.68,58.48,historic_data_rbi_wss,WSS_Table_No_05_Ratios_and_Rates.csv,weekly
2014-05-30,8.0,8.65,8.64,59.03,historic_data_rbi_wss,WSS_Table_No_05_Ratios_and_Rates.csv,weekly
2014-06-06,8.0,8.52,8.52,59.2,historic_data_rbi_wss,WSS_Table_No_05_Ratios_and_Rates.csv,weekly
2014-06-13,8.0,8.56,8.59,59.48,historic_data_rbi_wss,WSS_Table_No_05_Ratios_and_Rates.csv,weekly
2014-06-20,8.0,8.56,8.7,60.28,historic_data_rbi_wss,WSS_Table_No_05_Ratios_and_Rates.csv,weekly
2014-06-27,8.0,8.56,8.72,60.1,historic_data_rbi_wss,WSS_Table_No_05_Ratios_and_Rates.csv,weekly
2014-07-04,8.0,8.52,8.67,59.79,historic_data_rbi_wss,WSS_Table_No_05_Ratios_and_Rates.csv,weekly
2014-07-11,8.0,8.56,8.78,60.19,historic_data_rbi_wss,WSS_Table_No_05_Ratios_and_Rates.csv,weekly
2014-07-18,8.0,8.6,8.77,60.33,historic_data_rbi_wss,WSS_Table_No_05_Ratios_and_Rates.csv,weekly
2014-07-25,8.0,8.6,8.4,60.14,historic_data_rbi_wss,WSS_Table_No_05_Ratios_and_Rates.csv,weekly
2014-08-01,8.0,8.65,8.52,60.85,historic_data_rbi_wss,WSS_Table_No_05_Ratios_and_Rates.csv,weekly
2014-08-08,8.0,8.65,8.65,61.56,historic_data_rbi_wss,WSS_Table_No_05_Ratios_and_Rates.csv,weekly
2014-08-15,8.0,8.65,8.53,61.06,historic_data_rbi_wss,WSS_Table_No_05_Ratios_and_Rates.csv,weekly
2014-08-22,8.0,8.65,8.53,60.44,historic_data_rbi_wss,WSS_Table_No_05_Ratios_and_Rates.csv,weekly
2014-08-29,8.0,8.6,8.57,60.47,historic_data_rbi_wss,WSS_Table_No_05_Ratios_and_Rates.csv,weekly
2014-09-05,8.0,8.6,8.54,60.44,historic_data_rbi_wss,WSS_Table_No_05_Ratios_and_Rates.csv,weekly
2014-09-12,8.0,8.6,8.51,60.84,historic_data_rbi_wss,WSS_Table_No_05_Ratios_and_Rates.csv,weekly
2014-09-19,8.0,8.6,8.47,60.81,historic_data_rbi_wss,WSS_Table_No_05_Ratios_and_Rates.csv,weekly
2014-09-26,8.0,8.52,8.45,61.57,historic_data_rbi_wss,WSS_Table_No_05_Ratios_and_Rates.csv,weekly
2014-10-03,8.0,8.52,8.49,61.75,historic_data_rbi_wss,WSS_Table_No_05_Ratios_and_Rates.csv,weekly
2014-10-10,8.0,8.48,8.47,61.16,historic_data_rbi_wss,WSS_Table_No_05_Ratios_and_Rates.csv,weekly
2014-10-17,8.0,8.48,8.4,61.62,historic_data_rbi_wss,WSS_Table_No_05_Ratios_and_Rates.csv,weekly
2014-10-24,8.0,8.44,8.37,61.24,historic_data_rbi_wss,WSS_Table_No_05_Ratios_and_Rates.csv,weekly
2014-10-31,8.0,8.44,8.28,61.41,historic_data_rbi_wss,WSS_Table_No_05_Ratios_and_Rates.csv,weekly
2014-11-07,8.0,8.31,8.22,61.52,historic_data_rbi_wss,WSS_Table_No_05_Ratios_and_Rates.csv,weekly
2014-11-14,8.0,8.31,8.23,61.65,historic_data_rbi_wss,WSS_Table_No_05_Ratios_and_Rates.csv,weekly
2014-11-21,8.0,8.27,8.19,61.85,historic_data_rbi_wss,WSS_Table_No_05_Ratios_and_Rates.csv,weekly
2014-11-28,8.0,8.27,8.1,61.97,historic_data_rbi_wss,WSS_Table_No_05_Ratios_and_Rates.csv,weekly
2014-12-05,8.0,8.23,7.97,61.85,historic_data_rbi_wss,WSS_Table_No_05_Ratios_and_Rates.csv,weekly
2014-12-12,8.0,8.23,7.85,62.44,historic_data_rbi_wss,WSS_Table_No_05_Ratios_and_Rates.csv,weekly
2014-12-19,8.0,8.35,7.99,63.07,historic_data_rbi_wss,WSS_Table_No_05_Ratios_and_Rates.csv,weekly
2014-12-26,8.0,8.35,8.01,63.64,historic_data_rbi_wss,WSS_Table_No_05_Ratios_and_Rates.csv,weekly
2015-01-02,8.0,8.31,7.9,63.29,historic_data_rbi_wss,WSS_Table_No_05_Ratios_and_Rates.csv,weekly
2015-01-09,8.0,8.39,7.89,62.4,historic_data_rbi_wss,WSS_Table_No_05_Ratios_and_Rates.csv,weekly
2015-01-16,7.75,8.39,7.75,61.89,historic_data_rbi_wss,WSS_Table_No_05_Ratios_and_Rates.csv,weekly
2015-01-23,7.75,8.19,7.74,61.5,historic_data_rbi_wss,WSS_Table_No_05_Ratios_and_Rates.csv,weekly
2015-01-30,7.75,8.23,7.69,61.76,historic_data_rbi_wss,WSS_Table_No_05_Ratios_and_Rates.csv,weekly
2015-02-06,7.75,8.27,7.72,61.74,historic_data_rbi_wss,WSS_Table_No_05_Ratios_and_Rates.csv,weekly
2015-02-13,7.75,8.27,7.71,62.14,historic_data_rbi_wss,WSS_Table_No_05_Ratios_and_Rates.csv,weekly
2015-02-20,7.75,8.35,7.73,62.26,historic_data_rbi_wss,WSS_Table_No_05_Ratios_and_Rates.csv,weekly
2015-02-27,7.75,8.39,7.77,61.79,historic_data_rbi_wss,WSS_Table_No_05_Ratios_and_Rates.csv,weekly
2015-03-06,7.5,8.23,7.76,62.2,historic_data_rbi_wss,WSS_Table_No_05_Ratios_and_Rates.csv,weekly
2015-03-13,7.5,8.31,7.86,62.67,historic_data_rbi_wss,WSS_Table_No_05_Ratios_and_Rates.csv,weekly
2015-03-20,7.5,8.31,7.83,62.49,historic_data_rbi_wss,WSS_Table_No_05_Ratios_and_Rates.csv,weekly
2015-03-27,7.5,8.27,7.84,62.61,historic_data_rbi_wss,WSS_Table_No_05_Ratios_and_Rates.csv,weekly
2015-04-03,7.5,,,62.59,historic_data_rbi_wss,WSS_Table_No_05_Ratios_and_Rates.csv,weekly
2015-04-10,7.5,7.85,7.82,62.37,historic_data_rbi_wss,WSS_Table_No_05_Ratios_and_Rates.csv,weekly
2015-04-17,7.5,7.85,7.84,62.35,historic_data_rbi_wss,WSS_Table_No_05_Ratios_and_Rates.csv,weekly
2015-04-24,7.5,7.89,7.85,63.4,historic_data_rbi_wss,WSS_Table_No_05_Ratios_and_Rates.csv,weekly
2015-05-01,7.5,7.94,7.89,63.58,historic_data_rbi_wss,WSS_Table_No_05_Ratios_and_Rates.csv,weekly
2015-05-08,7.5,7.98,8.03,64.05,historic_data_rbi_wss,WSS_Table_No_05_Ratios_and_Rates.csv,weekly
2015-05-15,7.5,7.98,8.03,63.58,historic_data_rbi_wss,WSS_Table_No_05_Ratios_and_Rates.csv,weekly
2015-05-22,7.5,7.89,7.67,63.57,historic_data_rbi_wss,WSS_Table_No_05_Ratios_and_Rates.csv,weekly
2015-05-29,7.5,7.85,7.64,63.76,historic_data_rbi_wss,WSS_Table_No_05_Ratios_and_Rates.csv,weekly
2015-06-05,7.25,7.69,7.79,63.9,historic_data_rbi_wss,WSS_Table_No_05_Ratios_and_Rates.csv,weekly
2015-06-12,7.25,7.69,7.9,64.03,historic_data_rbi_wss,WSS_Table_No_05_Ratios_and_Rates.csv,weekly
2015-06-19,7.25,7.69,7.71,63.82,historic_data_rbi_wss,WSS_Table_No_05_Ratios_and_Rates.csv,weekly
2015-06-26,7.25,7.69,7.83,63.6,historic_data_rbi_wss,WSS_Table_No_05_Ratios_and_Rates.csv,weekly
2015-07-03,7.25,7.56,7.79,63.4,historic_data_rbi_wss,WSS_Table_No_05_Ratios_and_Rates.csv,weekly
2015-07-10,7.25,7.52,7.81,63.38,historic_data_rbi_wss,WSS_Table_No_05_Ratios_and_Rates.csv,weekly
2015-07-17,7.25,7.52,7.84,63.49,historic_data_rbi_wss,WSS_Table_No_05_Ratios_and_Rates.csv,weekly
2015-07-24,7.25,7.48,7.84,63.89,historic_data_rbi_wss,WSS_Table_No_05_Ratios_and_Rates.csv,weekly
2015-07-31,7.25,7.48,7.8,64.01,historic_data_rbi_wss,WSS_Table_No_05_Ratios_and_Rates.csv,weekly
2015-08-07,7.25,7.44,7.82,63.81,historic_data_rbi_wss,WSS_Table_No_05_Ratios_and_Rates.csv,weekly
2015-08-14,7.25,7.27,7.75,65.12,historic_data_rbi_wss,WSS_Table_No_05_Ratios_and_Rates.csv,weekly
2015-08-21,7.25,7.44,7.79,65.83,historic_data_rbi_wss,WSS_Table_No_05_Ratios_and_Rates.csv,weekly
2015-08-28,7.25,7.44,7.78,66.08,historic_data_rbi_wss,WSS_Table_No_05_Ratios_and_Rates.csv,weekly
2015-09-04,7.25,7.44,7.75,66.4,historic_data_rbi_wss,WSS_Table_No_05_Ratios_and_Rates.csv,weekly
2015-09-11,7.25,7.44,7.77,66.39,historic_data_rbi_wss,WSS_Table_No_05_Ratios_and_Rates.csv,weekly
2015-09-18,7.25,7.48,7.7,65.93,historic_data_rbi_wss,WSS_Table_No_05_Ratios_and_Rates.csv,weekly
2015-09-25,7.25,7.39,7.71,66.1,historic_data_rbi_wss,WSS_Table_No_05_Ratios_and_Rates.csv,weekly
2015-10-02,6.75,7.06,7.57,65.55,historic_data_rbi_wss,WSS_Table_No_05_Ratios_and_Rates.csv,weekly
2015-10-09,6.75,7.06,7.55,64.78,historic_data_rbi_wss,WSS_Table_No_05_Ratios_and_Rates.csv,weekly
2015-10-16,6.75,7.06,7.58,64.97,historic_data_rbi_wss,WSS_Table_No_05_Ratios_and_Rates.csv,weekly
2015-10-23,6.75,7.1,7.6,64.88,historic_data_rbi_wss,WSS_Table_No_05_Ratios_and_Rates.csv,weekly
2015-10-30,6.75,7.1,7.69,65.22,historic_data_rbi_wss,WSS_Table_No_05_Ratios_and_Rates.csv,weekly
2015-11-06,6.75,7.1,7.73,65.79,historic_data_rbi_wss,WSS_Table_No_05_Ratios_and_Rates.csv,weekly
2015-11-13,6.75,7.14,7.7,66.14,historic_data_rbi_wss,WSS_Table_No_05_Ratios_and_Rates.csv,weekly
2015-11-20,6.75,7.14,7.72,66.09,historic_data_rbi_wss,WSS_Table_No_05_Ratios_and_Rates.csv,weekly
2015-11-27,6.75,7.14,7.83,66.75,historic_data_rbi_wss,WSS_Table_No_05_Ratios_and_Rates.csv,weekly
2015-12-04,6.75,7.14,7.83,66.84,historic_data_rbi_wss,WSS_Table_No_05_Ratios_and_Rates.csv,weekly
2015-12-11,6.75,7.19,7.8,66.79,historic_data_rbi_wss,WSS_Table_No_05_Ratios_and_Rates.csv,weekly
2015-12-18,6.75,7.23,7.72,66.42,historic_data_rbi_wss,WSS_Table_No_05_Ratios_and_Rates.csv,weekly
2015-12-25,6.75,7.23,7.82,66.2,historic_data_rbi_wss,WSS_Table_No_05_Ratios_and_Rates.csv,weekly
2016-01-01,6.75,7.23,7.81,66.18,historic_data_rbi_wss,WSS_Table_No_05_Ratios_and_Rates.csv,weekly
2016-01-08,6.75,7.23,7.59,66.67,historic_data_rbi_wss,WSS_Table_No_05_Ratios_and_Rates.csv,weekly
2016-01-15,6.75,7.23,7.66,67.43,historic_data_rbi_wss,WSS_Table_No_05_Ratios_and_Rates.csv,weekly
2016-01-22,6.75,7.31,7.64,67.75,historic_data_rbi_wss,WSS_Table_No_05_Ratios_and_Rates.csv,weekly
2016-01-29,6.75,0.0,7.64,67.88,historic_data_rbi_wss,WSS_Table_No_05_Ratios_and_Rates.csv,weekly
2016-02-05,6.75,7.35,7.68,67.64,historic_data_rbi_wss,WSS_Table_No_05_Ratios_and_Rates.csv,weekly
2016-02-12,6.75,7.35,7.7,68.44,historic_data_rbi_wss,WSS_Table_No_05_Ratios_and_Rates.csv,weekly
2016-02-19,6.75,7.35,7.73,68.49,historic_data_rbi_wss,WSS_Table_No_05_Ratios_and_Rates.csv,weekly
2016-02-26,6.75,0.0,7.77,68.78,historic_data_rbi_wss,WSS_Table_No_05_Ratios_and_Rates.csv,weekly
2016-03-04,6.75,7.27,7.63,67.27,historic_data_rbi_wss,WSS_Table_No_05_Ratios_and_Rates.csv,weekly
2016-03-11,6.75,7.27,7.64,67.09,historic_data_rbi_wss,WSS_Table_No_05_Ratios_and_Rates.csv,weekly
2016-03-18,6.75,7.27,7.55,66.61,historic_data_rbi_wss,WSS_Table_No_05_Ratios_and_Rates.csv,weekly
2016-03-25,6.75,7.23,7.52,66.86,historic_data_rbi_wss,WSS_Table_No_05_Ratios_and_Rates.csv,weekly
2016-04-01,6.75,7.27,7.42,66.33,historic_data_rbi_wss,WSS_Table_No_05_Ratios_and_Rates.csv,weekly
2016-04-08,6.5,6.85,7.45,66.47,historic_data_rbi_wss,WSS_Table_No_05_Ratios_and_Rates.csv,weekly
2016-04-15,6.5,6.81,7.42,66.43,historic_data_rbi_wss,WSS_Table_No_05_Ratios_and_Rates.csv,weekly
2016-04-22,6.5,6.81,7.45,66.49,historic_data_rbi_wss,WSS_Table_No_05_Ratios_and_Rates.csv,weekly
2016-04-29,6.5,6.81,7.44,66.52,historic_data_rbi_wss,WSS_Table_No_05_Ratios_and_Rates.csv,weekly
2016-05-06,6.5,6.85,7.5,66.58,historic_data_rbi_wss,WSS_Table_No_05_Ratios_and_Rates.csv,weekly
2016-05-13,6.5,6.85,7.46,66.76,historic_data_rbi_wss,WSS_Table_No_05_Ratios_and_Rates.csv,weekly
2016-05-20,6.5,6.85,7.49,67.41,historic_data_rbi_wss,WSS_Table_No_05_Ratios_and_Rates.csv,weekly
2016-05-27,6.5,6.27,6.67,67.06,historic_data_rbi_wss,WSS_Table_No_05_Ratios_and_Rates.csv,weekly
2016-06-03,6.5,6.85,7.49,67.24,historic_data_rbi_wss,WSS_Table_No_05_Ratios_and_Rates.csv,weekly
2016-06-10,6.5,6.81,7.48,66.79,historic_data_rbi_wss,WSS_Table_No_05_Ratios_and_Rates.csv,weekly
2016-06-17,6.5,6.77,7.49,67.17,historic_data_rbi_wss,WSS_Table_No_05_Ratios_and_Rates.csv,weekly
2016-06-24,6.5,6.77,7.55,68.01,historic_data_rbi_wss,WSS_Table_No_05_Ratios_and_Rates.csv,weekly
2016-07-01,6.5,6.73,7.43,67.44,historic_data_rbi_wss,WSS_Table_No_05_Ratios_and_Rates.csv,weekly
2016-07-08,6.5,6.6,7.47,67.46,historic_data_rbi_wss,WSS_Table_No_05_Ratios_and_Rates.csv,weekly
2016-07-15,6.5,6.56,7.31,67.07,historic_data_rbi_wss,WSS_Table_No_05_Ratios_and_Rates.csv,weekly
2016-07-22,6.5,6.56,7.28,67.14,historic_data_rbi_wss,WSS_Table_No_05_Ratios_and_Rates.csv,weekly
2016-07-29,6.5,6.56,7.27,67.03,historic_data_rbi_wss,WSS_Table_No_05_Ratios_and_Rates.csv,weekly
2016-08-05,6.5,6.56,7.2,66.81,historic_data_rbi_wss,WSS_Table_No_05_Ratios_and_Rates.csv,weekly
2016-08-12,6.5,6.56,7.11,66.83,historic_data_rbi_wss,WSS_Table_No_05_Ratios_and_Rates.csv,weekly
2016-08-19,6.5,6.56,7.13,66.93,historic_data_rbi_wss,WSS_Table_No_05_Ratios_and_Rates.csv,weekly
2016-08-26,6.5,6.56,7.13,67.03,historic_data_rbi_wss,WSS_Table_No_05_Ratios_and_Rates.csv,weekly
2016-09-02,6.5,6.56,6.97,66.84,historic_data_rbi_wss,WSS_Table_No_05_Ratios_and_Rates.csv,weekly
2016-09-09,6.5,6.56,6.84,66.55,historic_data_rbi_wss,WSS_Table_No_05_Ratios_and_Rates.csv,weekly
2016-09-16,6.5,6.52,6.88,66.88,historic_data_rbi_wss,WSS_Table_No_05_Ratios_and_Rates.csv,weekly
2016-09-23,6.5,6.52,6.82,66.65,historic_data_rbi_wss,WSS_Table_No_05_Ratios_and_Rates.csv,weekly
2016-09-30,6.5,6.52,6.81,66.66,historic_data_rbi_wss,WSS_Table_No_05_Ratios_and_Rates.csv,weekly
2016-10-07,6.25,6.36,6.73,66.79,historic_data_rbi_wss,WSS_Table_No_05_Ratios_and_Rates.csv,weekly
2016-10-14,6.25,6.36,6.78,66.85,historic_data_rbi_wss,WSS_Table_No_05_Ratios_and_Rates.csv,weekly
2016-10-21,6.25,6.4,6.79,66.89,historic_data_rbi_wss,WSS_Table_No_05_Ratios_and_Rates.csv,weekly
2016-10-28,6.25,6.36,6.83,66.86,historic_data_rbi_wss,WSS_Table_No_05_Ratios_and_Rates.csv,weekly
2016-11-04,6.25,6.4,6.88,66.72,historic_data_rbi_wss,WSS_Table_No_05_Ratios_and_Rates.csv,weekly
2016-11-11,6.25,6.31,6.78,67.03,historic_data_rbi_wss,WSS_Table_No_05_Ratios_and_Rates.csv,weekly
2016-11-18,6.25,5.94,6.51,68.09,historic_data_rbi_wss,WSS_Table_No_05_Ratios_and_Rates.csv,weekly
2016-11-25,6.25,5.86,6.28,68.46,historic_data_rbi_wss,WSS_Table_No_05_Ratios_and_Rates.csv,weekly
2016-12-02,6.25,5.94,6.29,68.37,historic_data_rbi_wss,WSS_Table_No_05_Ratios_and_Rates.csv,weekly
2016-12-09,6.25,5.94,6.49,67.58,historic_data_rbi_wss,WSS_Table_No_05_Ratios_and_Rates.csv,weekly
2016-12-16,6.25,6.19,6.59,67.78,historic_data_rbi_wss,WSS_Table_No_05_Ratios_and_Rates.csv,weekly
2016-12-23,6.25,6.23,6.63,67.91,historic_data_rbi_wss,WSS_Table_No_05_Ratios_and_Rates.csv,weekly
2016-12-30,6.25,6.27,6.63,67.95,historic_data_rbi_wss,WSS_Table_No_05_Ratios_and_Rates.csv,weekly
2017-01-06,6.25,6.19,6.66,67.95,historic_data_rbi_wss,WSS_Table_No_05_Ratios_and_Rates.csv,weekly
2017-01-13,6.25,6.27,6.78,68.23,historic_data_rbi_wss,WSS_Table_No_05_Ratios_and_Rates.csv,weekly
2017-01-20,6.25,6.27,6.86,68.09,historic_data_rbi_wss,WSS_Table_No_05_Ratios_and_Rates.csv,weekly
2017-01-27,6.25,6.23,6.87,68.2,historic_data_rbi_wss,WSS_Table_No_05_Ratios_and_Rates.csv,weekly
2017-02-03,6.25,6.19,6.75,67.38,historic_data_rbi_wss,WSS_Table_No_05_Ratios_and_Rates.csv,weekly
2017-02-10,6.25,6.11,7.0,66.94,historic_data_rbi_wss,WSS_Table_No_05_Ratios_and_Rates.csv,weekly
2017-02-17,6.25,6.19,7.05,67.05,historic_data_rbi_wss,WSS_Table_No_05_Ratios_and_Rates.csv,weekly
2017-02-24,6.25,6.15,7.12,66.84,historic_data_rbi_wss,WSS_Table_No_05_Ratios_and_Rates.csv,weekly
2017-03-03,6.25,6.07,7.06,66.84,historic_data_rbi_wss,WSS_Table_No_05_Ratios_and_Rates.csv,weekly
2017-03-10,6.25,5.94,7.23,66.69,historic_data_rbi_wss,WSS_Table_No_05_Ratios_and_Rates.csv,weekly
2017-03-17,6.25,5.94,7.17,65.54,historic_data_rbi_wss,WSS_Table_No_05_Ratios_and_Rates.csv,weekly
2017-03-24,6.25,5.86,7.13,65.46,historic_data_rbi_wss,WSS_Table_No_05_Ratios_and_Rates.csv,weekly
2017-03-31,6.25,5.82,7.0,64.84,historic_data_rbi_wss,WSS_Table_No_05_Ratios_and_Rates.csv,weekly
2017-04-07,6.25,5.86,7.17,64.39,historic_data_rbi_wss,WSS_Table_No_05_Ratios_and_Rates.csv,weekly
2017-04-14,6.25,5.98,7.11,64.32,historic_data_rbi_wss,WSS_Table_No_05_Ratios_and_Rates.csv,weekly
2017-04-21,6.25,6.11,7.18,64.57,historic_data_rbi_wss,WSS_Table_No_05_Ratios_and_Rates.csv,weekly
2017-04-28,6.25,6.19,7.2,64.22,historic_data_rbi_wss,WSS_Table_No_05_Ratios_and_Rates.csv,weekly
2017-05-05,6.25,6.23,7.51,64.31,historic_data_rbi_wss,WSS_Table_No_05_Ratios_and_Rates.csv,weekly
2017-05-12,6.25,6.27,6.74,64.3,historic_data_rbi_wss,WSS_Table_No_05_Ratios_and_Rates.csv,weekly
2017-05-19,6.25,6.27,6.72,64.99,historic_data_rbi_wss,WSS_Table_No_05_Ratios_and_Rates.csv,weekly
2017-05-26,6.25,6.85,7.49,64.59,historic_data_rbi_wss,WSS_Table_No_05_Ratios_and_Rates.csv,weekly
2017-06-02,6.25,6.31,6.65,64.42,historic_data_rbi_wss,WSS_Table_No_05_Ratios_and_Rates.csv,weekly
2017-06-09,6.25,6.27,6.53,64.26,historic_data_rbi_wss,WSS_Table_No_05_Ratios_and_Rates.csv,weekly
2017-06-16,6.25,6.27,6.53,64.59,historic_data_rbi_wss,WSS_Table_No_05_Ratios_and_Rates.csv,weekly
2017-06-23,6.25,6.27,6.64,64.54,historic_data_rbi_wss,WSS_Table_No_05_Ratios_and_Rates.csv,weekly
2017-06-30,6.25,6.27,6.57,64.74,historic_data_rbi_wss,WSS_Table_No_05_Ratios_and_Rates.csv,weekly
2017-07-07,6.25,6.31,6.59,64.73,historic_data_rbi_wss,WSS_Table_No_05_Ratios_and_Rates.csv,weekly
2017-07-14,6.25,6.23,6.54,64.45,historic_data_rbi_wss,WSS_Table_No_05_Ratios_and_Rates.csv,weekly
2017-07-21,6.25,6.11,6.51,64.32,historic_data_rbi_wss,WSS_Table_No_05_Ratios_and_Rates.csv,weekly
2017-07-28,6.25,6.15,6.56,64.15,historic_data_rbi_wss,WSS_Table_No_05_Ratios_and_Rates.csv,weekly
2017-08-04,6.0,6.15,6.53,63.71,historic_data_rbi_wss,WSS_Table_No_05_Ratios_and_Rates.csv,weekly
2017-08-11,6.0,6.15,6.6,64.17,historic_data_rbi_wss,WSS_Table_No_05_Ratios_and_Rates.csv,weekly
2017-08-18,6.0,6.15,6.62,64.1,historic_data_rbi_wss,WSS_Table_No_05_Ratios_and_Rates.csv,weekly
2017-08-25,6.0,6.11,6.65,64.07,historic_data_rbi_wss,WSS_Table_No_05_Ratios_and_Rates.csv,weekly
2017-09-01,6.0,6.11,6.61,63.98,historic_data_rbi_wss,WSS_Table_No_05_Ratios_and_Rates.csv,weekly
2017-09-08,6.0,6.07,6.67,63.87,historic_data_rbi_wss,WSS_Table_No_05_Ratios_and_Rates.csv,weekly
2017-09-15,6.0,6.11,6.72,64.08,historic_data_rbi_wss,WSS_Table_No_05_Ratios_and_Rates.csv,weekly
2017-09-22,6.0,6.11,6.79,64.96,historic_data_rbi_wss,WSS_Table_No_05_Ratios_and_Rates.csv,weekly
2017-09-29,6.0,6.11,6.83,65.36,historic_data_rbi_wss,WSS_Table_No_05_Ratios_and_Rates.csv,weekly
2017-10-06,6.0,6.07,6.92,65.23,historic_data_rbi_wss,WSS_Table_No_05_Ratios_and_Rates.csv,weekly
2017-10-13,6.0,6.07,6.91,64.93,historic_data_rbi_wss,WSS_Table_No_05_Ratios_and_Rates.csv,weekly
2017-10-20,6.0,6.11,6.95,65.06,historic_data_rbi_wss,WSS_Table_No_05_Ratios_and_Rates.csv,weekly
2017-10-27,6.0,6.11,7.0,65.09,historic_data_rbi_wss,WSS_Table_No_05_Ratios_and_Rates.csv,weekly
2017-11-03,6.0,6.11,7.12,64.58,historic_data_rbi_wss,WSS_Table_No_05_Ratios_and_Rates.csv,weekly
2017-11-10,6.0,6.11,7.12,65.01,historic_data_rbi_wss,WSS_Table_No_05_Ratios_and_Rates.csv,weekly
2017-11-17,6.0,6.11,7.22,64.85,historic_data_rbi_wss,WSS_Table_No_05_Ratios_and_Rates.csv,weekly
2017-11-24,6.0,6.11,7.21,64.73,historic_data_rbi_wss,WSS_Table_No_05_Ratios_and_Rates.csv,weekly
2017-12-01,6.0,6.15,7.25,64.43,historic_data_rbi_wss,WSS_Table_No_05_Ratios_and_Rates.csv,weekly
2017-12-08,6.0,6.15,7.27,64.46,historic_data_rbi_wss,WSS_Table_No_05_Ratios_and_Rates.csv,weekly
2017-12-15,6.0,6.15,7.29,64.1,historic_data_rbi_wss,WSS_Table_No_05_Ratios_and_Rates.csv,weekly
2017-12-22,6.0,6.19,7.45,64.04,historic_data_rbi_wss,WSS_Table_No_05_Ratios_and_Rates.csv,weekly
2017-12-29,6.0,6.19,7.49,63.93,historic_data_rbi_wss,WSS_Table_No_05_Ratios_and_Rates.csv,weekly
2018-01-05,6.0,6.27,7.08,63.38,historic_data_rbi_wss,WSS_Table_No_05_Ratios_and_Rates.csv,weekly
2018-01-12,6.0,6.31,7.26,63.53,historic_data_rbi_wss,WSS_Table_No_05_Ratios_and_Rates.csv,weekly
2018-01-19,6.0,6.36,7.26,63.72,historic_data_rbi_wss,WSS_Table_No_05_Ratios_and_Rates.csv,weekly
2018-01-26,6.0,6.4,7.27,63.5,historic_data_rbi_wss,WSS_Table_No_05_Ratios_and_Rates.csv,weekly
2018-02-02,6.0,6.4,7.54,64.08,historic_data_rbi_wss,WSS_Table_No_05_Ratios_and_Rates.csv,weekly
2018-02-09,6.0,6.4,7.54,64.37,historic_data_rbi_wss,WSS_Table_No_05_Ratios_and_Rates.csv,weekly
2018-02-16,6.0,6.36,7.56,63.91,historic_data_rbi_wss,WSS_Table_No_05_Ratios_and_Rates.csv,weekly
2018-02-23,6.0,6.36,7.64,64.82,historic_data_rbi_wss,WSS_Table_No_05_Ratios_and_Rates.csv,weekly
2018-03-02,6.0,6.36,7.76,65.23,historic_data_rbi_wss,WSS_Table_No_05_Ratios_and_Rates.csv,weekly
2018-03-09,6.0,6.31,7.69,65.08,historic_data_rbi_wss,WSS_Table_No_05_Ratios_and_Rates.csv,weekly
2018-03-16,6.0,6.23,7.58,64.87,historic_data_rbi_wss,WSS_Table_No_05_Ratios_and_Rates.csv,weekly
2018-03-23,6.0,6.15,7.59,65.13,historic_data_rbi_wss,WSS_Table_No_05_Ratios_and_Rates.csv,weekly
2018-03-30,6.0,6.11,7.42,65.04,historic_data_rbi_wss,WSS_Table_No_05_Ratios_and_Rates.csv,weekly
2018-04-06,6.0,6.11,7.2,64.99,historic_data_rbi_wss,WSS_Table_No_05_Ratios_and_Rates.csv,weekly
2018-04-13,6.0,6.11,7.46,65.22,historic_data_rbi_wss,WSS_Table_No_05_Ratios_and_Rates.csv,weekly
2018-04-20,6.0,6.11,7.73,66.02,historic_data_rbi_wss,WSS_Table_No_05_Ratios_and_Rates.csv,weekly
2018-04-27,6.0,6.19,7.8,66.78,historic_data_rbi_wss,WSS_Table_No_05_Ratios_and_Rates.csv,weekly
2018-05-04,6.0,6.23,7.76,66.77,historic_data_rbi_wss,WSS_Table_No_05_Ratios_and_Rates.csv,weekly
2018-05-11,6.0,6.27,7.79,67.22,historic_data_rbi_wss,WSS_Table_No_05_Ratios_and_Rates.csv,weekly
2018-05-18,6.0,6.31,7.89,67.96,historic_data_rbi_wss,WSS_Table_No_05_Ratios_and_Rates.csv,weekly
2018-05-25,6.0,6.4,7.95,68.26,historic_data_rbi_wss,WSS_Table_No_05_Ratios_and_Rates.csv,weekly
2018-06-01,6.0,6.4,7.94,67.18,historic_data_rbi_wss,WSS_Table_No_05_Ratios_and_Rates.csv,weekly
2018-06-08,6.25,6.52,7.95,67.52,historic_data_rbi_wss,WSS_Table_No_05_Ratios_and_Rates.csv,weekly
2018-06-15,6.25,6.52,7.89,67.97,historic_data_rbi_wss,WSS_Table_No_05_Ratios_and_Rates.csv,weekly
2018-06-22,6.25,6.48,7.92,67.77,historic_data_rbi_wss,WSS_Table_No_05_Ratios_and_Rates.csv,weekly
2018-06-29,6.25,6.52,7.98,68.58,historic_data_rbi_wss,WSS_Table_No_05_Ratios_and_Rates.csv,weekly
2018-07-06,6.25,6.48,7.87,68.88,historic_data_rbi_wss,WSS_Table_No_05_Ratios_and_Rates.csv,weekly
2018-07-13,6.25,6.52,7.8,68.41,historic_data_rbi_wss,WSS_Table_No_05_Ratios_and_Rates.csv,weekly
2018-07-20,6.25,6.52,7.78,68.85,historic_data_rbi_wss,WSS_Table_No_05_Ratios_and_Rates.csv,weekly
2018-07-27,6.25,6.69,7.75,68.7,historic_data_rbi_wss,WSS_Table_No_05_Ratios_and_Rates.csv,weekly
2018-08-03,6.5,6.73,7.73,68.79,historic_data_rbi_wss,WSS_Table_No_05_Ratios_and_Rates.csv,weekly
2018-08-10,6.5,6.69,7.74,68.95,historic_data_rbi_wss,WSS_Table_No_05_Ratios_and_Rates.csv,weekly
2018-08-17,6.5,6.77,7.85,70.23,historic_data_rbi_wss,WSS_Table_No_05_Ratios_and_Rates.csv,weekly
2018-08-24,6.5,6.81,7.86,70.14,historic_data_rbi_wss,WSS_Table_No_05_Ratios_and_Rates.csv,weekly
2018-08-31,6.5,6.81,7.95,70.93,historic_data_rbi_wss,WSS_Table_No_05_Ratios_and_Rates.csv,weekly
2018-09-07,6.5,6.85,7.98,71.9,historic_data_rbi_wss,WSS_Table_No_05_Ratios_and_Rates.csv,weekly
2018-09-14,6.5,6.98,8.07,71.81,historic_data_rbi_wss,WSS_Table_No_05_Ratios_and_Rates.csv,weekly
2018-09-21,6.5,7.06,8.03,71.85,historic_data_rbi_wss,WSS_Table_No_05_Ratios_and_Rates.csv,weekly
2018-09-28,6.5,7.19,8.0,72.55,historic_data_rbi_wss,WSS_Table_No_05_Ratios_and_Rates.csv,weekly
2018-10-05,6.5,7.14,8.02,73.58,historic_data_rbi_wss,WSS_Table_No_05_Ratios_and_Rates.csv,weekly
2018-10-12,6.5,6.94,7.96,73.8,historic_data_rbi_wss,WSS_Table_No_05_Ratios_and_Rates.csv,weekly
2018-10-19,6.5,6.94,7.88,73.44,historic_data_rbi_wss,WSS_Table_No_05_Ratios_and_Rates.csv,weekly
2018-10-26,6.5,6.94,7.84,73.37,historic_data_rbi_wss,WSS_Table_No_05_Ratios_and_Rates.csv,weekly
2018-11-02,6.5,6.94,7.84,72.88,historic_data_rbi_wss,WSS_Table_No_05_Ratios_and_Rates.csv,weekly
2018-11-09,6.5,6.94,7.81,72.73,historic_data_rbi_wss,WSS_Table_No_05_Ratios_and_Rates.csv,weekly
2018-11-16,6.5,6.9,7.85,71.8,historic_data_rbi_wss,WSS_Table_No_05_Ratios_and_Rates.csv,weekly
2018-11-23,6.5,6.81,7.77,71.18,historic_data_rbi_wss,WSS_Table_No_05_Ratios_and_Rates.csv,weekly
2018-11-30,6.5,6.77,7.64,69.66,historic_data_rbi_wss,WSS_Table_No_05_Ratios_and_Rates.csv,weekly
2018-12-07,6.5,6.73,7.41,70.57,historic_data_rbi_wss,WSS_Table_No_05_Ratios_and_Rates.csv,weekly
2018-12-14,6.5,6.69,7.41,71.74,historic_data_rbi_wss,WSS_Table_No_05_Ratios_and_Rates.csv,weekly
2018-12-21,6.5,6.6,7.26,70.04,historic_data_rbi_wss,WSS_Table_No_05_Ratios_and_Rates.csv,weekly
2018-12-28,6.5,6.65,7.41,69.98,historic_data_rbi_wss,WSS_Table_No_05_Ratios_and_Rates.csv,weekly
2019-01-04,6.5,6.65,7.45,69.87,historic_data_rbi_wss,WSS_Table_No_05_Ratios_and_Rates.csv,weekly
2019-01-11,6.5,6.65,7.27,70.47,historic_data_rbi_wss,WSS_Table_No_05_Ratios_and_Rates.csv,weekly
2019-01-18,6.5,6.65,7.32,71.14,historic_data_rbi_wss,WSS_Table_No_05_Ratios_and_Rates.csv,weekly
2019-01-25,6.5,6.6,7.35,71.11,historic_data_rbi_wss,WSS_Table_No_05_Ratios_and_Rates.csv,weekly
2019-02-01,6.5,6.56,7.38,71.11,historic_data_rbi_wss,WSS_Table_No_05_Ratios_and_Rates.csv,weekly
2019-02-08,6.25,6.56,7.34,71.29,historic_data_rbi_wss,WSS_Table_No_05_Ratios_and_Rates.csv,weekly
2019-02-15,6.25,6.4,7.58,71.25,historic_data_rbi_wss,WSS_Table_No_05_Ratios_and_Rates.csv,weekly
2019-02-22,6.25,6.4,7.42,71.22,historic_data_rbi_wss,WSS_Table_No_05_Ratios_and_Rates.csv,weekly
2019-03-01,6.25,6.4,7.37,70.97,historic_data_rbi_wss,WSS_Table_No_05_Ratios_and_Rates.csv,weekly
2019-03-08,6.25,6.4,7.36,70.1,historic_data_rbi_wss,WSS_Table_No_05_Ratios_and_Rates.csv,weekly
2019-03-15,6.25,6.36,7.33,69.21,historic_data_rbi_wss,WSS_Table_No_05_Ratios_and_Rates.csv,weekly
2019-03-22,6.25,6.31,7.33,68.66,historic_data_rbi_wss,WSS_Table_No_05_Ratios_and_Rates.csv,weekly
2019-03-29,6.25,6.31,7.34,69.17,historic_data_rbi_wss,WSS_Table_No_05_Ratios_and_Rates.csv,weekly
2019-04-05,6.0,6.23,7.37,69.2,historic_data_rbi_wss,WSS_Table_No_05_Ratios_and_Rates.csv,weekly
2019-04-12,6.0,6.27,7.43,69.32,historic_data_rbi_wss,WSS_Table_No_05_Ratios_and_Rates.csv,weekly
2019-04-19,6.0,6.31,7.45,69.42,historic_data_rbi_wss,WSS_Table_No_05_Ratios_and_Rates.csv,weekly
2019-04-26,6.0,6.4,7.44,70.14,historic_data_rbi_wss,WSS_Table_No_05_Ratios_and_Rates.csv,weekly
2019-05-03,6.0,6.44,7.43,69.27,historic_data_rbi_wss,WSS_Table_No_05_Ratios_and_Rates.csv,weekly
2019-05-10,6.0,6.48,7.46,69.92,historic_data_rbi_wss,WSS_Table_No_05_Ratios_and_Rates.csv,weekly
2019-05-17,6.0,6.4,7.41,70.17,historic_data_rbi_wss,WSS_Table_No_05_Ratios_and_Rates.csv,weekly
2019-05-24,6.0,6.36,7.27,69.61,historic_data_rbi_wss,WSS_Table_No_05_Ratios_and_Rates.csv,weekly
2019-05-31,6.0,6.19,7.07,69.81,historic_data_rbi_wss,WSS_Table_No_05_Ratios_and_Rates.csv,weekly
2019-06-07,5.75,6.07,7.04,69.3,historic_data_rbi_wss,WSS_Table_No_05_Ratios_and_Rates.csv,weekly
2019-06-14,5.75,5.94,6.99,69.56,historic_data_rbi_wss,WSS_Table_No_05_Ratios_and_Rates.csv,weekly
2019-06-21,5.75,5.98,6.91,69.63,historic_data_rbi_wss,WSS_Table_No_05_Ratios_and_Rates.csv,weekly
2019-06-28,5.75,6.03,6.93,68.92,historic_data_rbi_wss,WSS_Table_No_05_Ratios_and_Rates.csv,weekly
2019-07-05,5.75,5.98,6.76,68.75,historic_data_rbi_wss,WSS_Table_No_05_Ratios_and_Rates.csv,weekly
2019-07-12,5.75,5.86,6.56,68.59,historic_data_rbi_wss,WSS_Table_No_05_Ratios_and_Rates.csv,weekly
2019-07-19,5.75,5.74,6.45,68.82,historic_data_rbi_wss,WSS_Table_No_05_Ratios_and_Rates.csv,weekly
2019-07-26,5.75,5.74,6.62,69.06,historic_data_rbi_wss,WSS_Table_No_05_Ratios_and_Rates.csv,weekly
2019-08-02,5.75,5.65,6.5,69.4,historic_data_rbi_wss,WSS_Table_No_05_Ratios_and_Rates.csv,weekly
2019-08-09,5.4,5.45,6.64,70.52,historic_data_rbi_wss,WSS_Table_No_05_Ratios_and_Rates.csv,weekly
2019-08-16,5.4,5.49,6.69,71.29,historic_data_rbi_wss,WSS_Table_No_05_Ratios_and_Rates.csv,weekly
2019-08-23,5.4,5.45,6.57,71.73,historic_data_rbi_wss,WSS_Table_No_05_Ratios_and_Rates.csv,weekly
2019-08-30,5.4,5.41,6.7,71.76,historic_data_rbi_wss,WSS_Table_No_05_Ratios_and_Rates.csv,weekly
2019-09-06,5.4,5.37,6.73,71.73,historic_data_rbi_wss,WSS_Table_No_05_Ratios_and_Rates.csv,weekly
2019-09-13,5.4,5.32,6.77,70.94,historic_data_rbi_wss,WSS_Table_No_05_Ratios_and_Rates.csv,weekly
2019-09-20,5.4,5.28,6.91,70.94,historic_data_rbi_wss,WSS_Table_No_05_Ratios_and_Rates.csv,weekly
2019-09-27,5.4,5.41,6.85,70.84,historic_data_rbi_wss,WSS_Table_No_05_Ratios_and_Rates.csv,weekly
2019-10-04,5.15,5.32,6.47,70.87,historic_data_rbi_wss,WSS_Table_No_05_Ratios_and_Rates.csv,weekly
2019-10-11,5.15,5.2,6.54,71.03,historic_data_rbi_wss,WSS_Table_No_05_Ratios_and_Rates.csv,weekly
2019-10-18,5.15,5.12,6.57,71.2,historic_data_rbi_wss,WSS_Table_No_05_Ratios_and_Rates.csv,weekly
2019-10-25,5.15,5.08,6.58,70.96,historic_data_rbi_wss,WSS_Table_No_05_Ratios_and_Rates.csv,weekly
2019-11-01,5.15,5.04,6.54,70.88,historic_data_rbi_wss,WSS_Table_No_05_Ratios_and_Rates.csv,weekly
2019-11-08,5.15,5.03,6.67,71.25,historic_data_rbi_wss,WSS_Table_No_05_Ratios_and_Rates.csv,weekly
2019-11-15,5.15,5.05,6.66,71.71,historic_data_rbi_wss,WSS_Table_No_05_Ratios_and_Rates.csv,weekly
2019-11-22,5.15,5.02,6.66,71.85,historic_data_rbi_wss,WSS_Table_No_05_Ratios_and_Rates.csv,weekly
2019-11-29,5.15,4.99,6.65,71.73,historic_data_rbi_wss,WSS_Table_No_05_Ratios_and_Rates.csv,weekly
2019-12-06,5.15,4.89,6.86,71.32,historic_data_rbi_wss,WSS_Table_No_05_Ratios_and_Rates.csv,weekly
2019-12-13,5.15,5.0,6.99,70.72,historic_data_rbi_wss,WSS_Table_No_05_Ratios_and_Rates.csv,weekly
2019-12-20,5.15,5.01,6.81,71.16,historic_data_rbi_wss,WSS_Table_No_05_Ratios_and_Rates.csv,weekly
2019-12-27,5.15,5.03,6.74,71.22,historic_data_rbi_wss,WSS_Table_No_05_Ratios_and_Rates.csv,weekly
2020-01-03,5.15,4.94,6.73,71.69,historic_data_rbi_wss,WSS_Table_No_05_Ratios_and_Rates.csv,weekly
2020-01-10,5.15,5.05,6.84,71.11,historic_data_rbi_wss,WSS_Table_No_05_Ratios_and_Rates.csv,weekly
